epoch,time,train/box_loss,train/cls_loss,train/dfl_loss,metrics/precision(B),metrics/recall(B),metrics/mAP50(B),metrics/mAP50-95(B),val/box_loss,val/cls_loss,val/dfl_loss,lr/pg0,lr/pg1,lr/pg2,lr/pg3,lr/pg4,lr/pg5,lr/pg6,lr/pg7
1,952.367,1.14546,3.2093,1.55447,0.00316,0.92857,0.0875,0.04164,1.6904,4.50302,2.75972,0.00123214,0.000410714,0.00123214,0.000410714,0.00123214,0.000410714,0.00123214,0.000410714
2,1627.59,0.68658,2.30557,1.24667,0.00364,1,0.0463,0.01561,1.56392,4.57793,2.71105,0.002433,0.000810999,0.002433,0.000810999,0.002433,0.000810999,0.002433,0.000810999
3,2259.54,0.57913,1.2193,1.19278,0.7898,0.125,0.09283,0.04889,1.41807,4.45246,2.50048,0.00358435,0.00119478,0.00358435,0.00119478,0.00358435,0.00119478,0.00358435,0.00119478
4,2830.34,0.51876,0.98351,1.13191,0.98792,0.125,0.30503,0.1892,1.35515,4.19834,2.20743,0.00352725,0.00117575,0.00352725,0.00117575,0.00352725,0.00117575,0.00352725,0.00117575
5,3397.9,0.47538,0.90314,1.10327,0.53541,0.25,0.26484,0.12022,1.46087,4.15939,2.28962,0.003453,0.001151,0.003453,0.001151,0.003453,0.001151,0.003453,0.001151
6,4027.33,0.48564,0.87683,1.10018,0.31802,0.14213,0.20018,0.09758,1.48406,3.93347,2.26703,0.00337875,0.00112625,0.00337875,0.00112625,0.00337875,0.00112625,0.00337875,0.00112625
7,4703.06,0.45233,0.79823,1.0842,0.18705,0.26556,0.17472,0.08963,1.55982,3.81945,2.3293,0.0033045,0.0011015,0.0033045,0.0011015,0.0033045,0.0011015,0.0033045,0.0011015
8,5290.88,0.44937,0.75098,1.07651,0.09311,0.33929,0.17181,0.06946,1.75445,3.81771,2.70168,0.00323025,0.00107675,0.00323025,0.00107675,0.00323025,0.00107675,0.00323025,0.00107675
9,5855.66,0.44228,0.71078,1.07423,0.29169,0.48214,0.28409,0.17832,1.67556,3.64569,2.47365,0.003156,0.001052,0.003156,0.001052,0.003156,0.001052,0.003156,0.001052
10,6407.58,0.42904,0.70113,1.06721,0.32519,0.67857,0.40513,0.22622,1.50577,3.72406,2.2714,0.00308175,0.00102725,0.00308175,0.00102725,0.00308175,0.00102725,0.00308175,0.00102725
11,6965.7,0.41526,0.66227,1.05099,0.31886,0.48397,0.26601,0.14256,1.80497,3.50838,2.54322,0.0030075,0.0010025,0.0030075,0.0010025,0.0030075,0.0010025,0.0030075,0.0010025
12,7519.56,0.42247,0.64732,1.06191,0.18061,0.51786,0.38715,0.12984,1.82258,3.46327,2.63374,0.00293325,0.00097775,0.00293325,0.00097775,0.00293325,0.00097775,0.00293325,0.00097775
13,8073.66,0.39906,0.62139,1.04283,0.8415,0.3128,0.49631,0.20956,1.91132,3.45248,2.78163,0.002859,0.000953,0.002859,0.000953,0.002859,0.000953,0.002859,0.000953
14,8621.63,0.39836,0.59359,1.04218,0.30053,0.44643,0.3073,0.09447,2.13365,3.83879,3.24042,0.00278475,0.00092825,0.00278475,0.00092825,0.00278475,0.00092825,0.00278475,0.00092825
15,9175.74,0.40299,0.61193,1.04954,0.56667,0.54141,0.33114,0.10151,2.00581,3.51321,2.8037,0.0027105,0.0009035,0.0027105,0.0009035,0.0027105,0.0009035,0.0027105,0.0009035
16,9727.97,0.37861,0.56293,1.02539,0.21113,0.62174,0.34124,0.14286,2.03414,3.50541,2.93096,0.00263625,0.00087875,0.00263625,0.00087875,0.00263625,0.00087875,0.00263625,0.00087875
17,10279.1,0.39086,0.58098,1.03281,0.52153,0.32581,0.3051,0.13199,1.98719,3.33403,3.0741,0.002562,0.000854,0.002562,0.000854,0.002562,0.000854,0.002562,0.000854
18,10823.9,0.38905,0.56163,1.03233,0.68175,0.39286,0.39495,0.16358,2.11611,3.1587,3.07909,0.00248775,0.00082925,0.00248775,0.00082925,0.00248775,0.00082925,0.00248775,0.00082925
19,11373.7,0.39197,0.55037,1.03205,0.45587,0.54192,0.46389,0.22443,2.0853,3.24247,3.06691,0.0024135,0.0008045,0.0024135,0.0008045,0.0024135,0.0008045,0.0024135,0.0008045
20,11917.5,0.36867,0.53147,1.01967,0.28036,0.39286,0.30668,0.16683,1.91845,3.43009,2.9068,0.00233925,0.00077975,0.00233925,0.00077975,0.00233925,0.00077975,0.00233925,0.00077975
21,12467.1,0.37453,0.52471,1.02548,0.45403,0.4735,0.43169,0.16495,2.05998,3.00588,3.09397,0.002265,0.000755,0.002265,0.000755,0.002265,0.000755,0.002265,0.000755
22,13010.5,0.36726,0.53551,1.02256,0.32827,0.49341,0.46255,0.14322,2.16677,3.14214,3.12494,0.00219075,0.00073025,0.00219075,0.00073025,0.00219075,0.00073025,0.00219075,0.00073025
23,13560.8,0.36046,0.5289,1.0177,0.29166,0.68307,0.37634,0.13786,2.18926,3.24248,3.21748,0.0021165,0.0007055,0.0021165,0.0007055,0.0021165,0.0007055,0.0021165,0.0007055
24,14104.1,0.35743,0.51667,1.00911,0.57383,0.55373,0.47009,0.16048,2.33539,3.06362,3.52609,0.00204225,0.00068075,0.00204225,0.00068075,0.00204225,0.00068075,0.00204225,0.00068075
25,14656.9,0.34912,0.49764,1.00196,0.62409,0.39286,0.40288,0.14426,2.10673,3.10042,3.17432,0.001968,0.000656,0.001968,0.000656,0.001968,0.000656,0.001968,0.000656
26,15201.2,0.3455,0.48469,1.00129,0.35249,0.64286,0.43747,0.15434,1.99352,3.16745,3.08311,0.00189375,0.00063125,0.00189375,0.00063125,0.00189375,0.00063125,0.00189375,0.00063125
27,15751.5,0.34106,0.49291,1.00236,0.2342,0.4752,0.39715,0.13688,2.07241,3.06176,3.2093,0.0018195,0.0006065,0.0018195,0.0006065,0.0018195,0.0006065,0.0018195,0.0006065
28,16295.7,0.35334,0.4916,1.00024,0.58612,0.44643,0.40145,0.14446,2.25786,3.00134,3.49578,0.00174525,0.00058175,0.00174525,0.00058175,0.00174525,0.00058175,0.00174525,0.00058175
29,16847.6,0.34405,0.48317,1.01011,0.57962,0.34116,0.35206,0.13481,2.14967,3.07016,3.32415,0.001671,0.000557,0.001671,0.000557,0.001671,0.000557,0.001671,0.000557
30,17392.1,0.33559,0.48136,0.99789,0.6421,0.29551,0.36021,0.14073,2.1759,2.95842,3.33236,0.00159675,0.00053225,0.00159675,0.00053225,0.00159675,0.00053225,0.00159675,0.00053225
31,17942,0.33508,0.47712,1.00391,0.50715,0.33386,0.29451,0.13766,2.17228,2.93827,3.29137,0.0015225,0.0005075,0.0015225,0.0005075,0.0015225,0.0005075,0.0015225,0.0005075
32,18485,0.33249,0.45485,0.99136,0.3534,0.64881,0.47204,0.18499,2.21987,2.90977,3.45758,0.00144825,0.00048275,0.00144825,0.00048275,0.00144825,0.00048275,0.00144825,0.00048275
33,19034.4,0.34034,0.46939,0.99913,0.52406,0.3883,0.45816,0.1848,2.0908,3.07683,3.13955,0.001374,0.000458,0.001374,0.000458,0.001374,0.000458,0.001374,0.000458
34,19578.2,0.32928,0.46071,0.99492,0.60671,0.39379,0.45522,0.19835,2.14296,2.91271,3.50914,0.00129975,0.00043325,0.00129975,0.00043325,0.00129975,0.00043325,0.00129975,0.00043325
35,20128.3,0.32957,0.46384,0.99418,0.27476,0.44742,0.34477,0.15664,2.11765,2.90389,3.32276,0.0012255,0.0004085,0.0012255,0.0004085,0.0012255,0.0004085,0.0012255,0.0004085
36,20672.8,0.31965,0.44598,0.98606,0.50248,0.34401,0.30795,0.13693,2.04825,2.99891,3.27227,0.00115125,0.00038375,0.00115125,0.00038375,0.00115125,0.00038375,0.00115125,0.00038375
37,21221.8,0.31843,0.45407,0.99303,0.59286,0.39881,0.35094,0.14174,2.17233,2.89831,3.40296,0.001077,0.000359,0.001077,0.000359,0.001077,0.000359,0.001077,0.000359
38,21766.5,0.31581,0.43463,0.98805,0.69871,0.51683,0.44902,0.16668,2.10538,2.87159,3.3397,0.00100275,0.00033425,0.00100275,0.00033425,0.00100275,0.00033425,0.00100275,0.00033425
39,22316.4,0.30814,0.4435,0.9853,0.38914,0.6267,0.53803,0.17072,2.17928,2.90277,3.28326,0.0009285,0.0003095,0.0009285,0.0003095,0.0009285,0.0003095,0.0009285,0.0003095
40,22860.5,0.31495,0.4342,0.98193,0.67382,0.51359,0.51784,0.18554,2.24333,2.75025,3.46237,0.00085425,0.00028475,0.00085425,0.00028475,0.00085425,0.00028475,0.00085425,0.00028475
41,23405.9,0.30741,0.60917,0.98776,0.53169,0.39286,0.32215,0.14806,2.07258,3.05501,3.37844,0.00078,0.00026,0.00078,0.00026,0.00078,0.00026,0.00078,0.00026
42,23943.4,0.28754,0.56117,0.96953,0.40623,0.48214,0.40295,0.20257,2.11435,2.8561,3.35714,0.00070575,0.00023525,0.00070575,0.00023525,0.00070575,0.00023525,0.00070575,0.00023525
43,24488,0.29147,0.54722,0.97202,0.35891,0.64881,0.45891,0.16176,2.11292,2.96445,3.47706,0.0006315,0.0002105,0.0006315,0.0002105,0.0006315,0.0002105,0.0006315,0.0002105
44,25035.1,0.28415,0.54297,0.96637,0.49999,0.52381,0.4092,0.14995,2.2447,2.77545,3.79954,0.00055725,0.00018575,0.00055725,0.00018575,0.00055725,0.00018575,0.00055725,0.00018575
45,25587.6,0.2796,0.53394,0.96339,0.41199,0.52381,0.43162,0.19591,2.23896,2.7963,3.78411,0.000483,0.000161,0.000483,0.000161,0.000483,0.000161,0.000483,0.000161
46,26125.5,0.28303,0.52399,0.95886,0.3955,0.52381,0.43191,0.1995,2.22215,2.80213,3.72197,0.00040875,0.00013625,0.00040875,0.00013625,0.00040875,0.00013625,0.00040875,0.00013625
47,26670.7,0.2734,0.52454,0.95743,0.47176,0.52381,0.42124,0.19992,2.29466,2.77974,3.7978,0.0003345,0.0001115,0.0003345,0.0001115,0.0003345,0.0001115,0.0003345,0.0001115
48,27210.3,0.27203,0.51803,0.96346,0.45326,0.52381,0.41543,0.20207,2.22357,2.88669,3.76075,0.00026025,8.675e-05,0.00026025,8.675e-05,0.00026025,8.675e-05,0.00026025,8.675e-05
49,27758.4,0.27057,0.5149,0.95951,0.38583,0.52381,0.40367,0.19134,2.23707,2.8893,3.77791,0.000186,6.2e-05,0.000186,6.2e-05,0.000186,6.2e-05,0.000186,6.2e-05
50,28297.8,0.26662,0.50908,0.95586,0.38097,0.52381,0.41598,0.19557,2.26036,2.83202,3.79454,0.00011175,3.725e-05,0.00011175,3.725e-05,0.00011175,3.725e-05,0.00011175,3.725e-05
